{
  "description": "Parameter sweep: robustness and sensitivity",
  "basin_results": {
    "moderate_coupling": {
      "lambda": 1.5,
      "eps": 0.1,
      "attractor_x_values": [
        0.1744350193622323,
        0.1744350193622323,
        0.1744350193622323,
        0.17443501936223244,
        0.17443501936223244,
        0.17443501936223244,
        0.17443501936223244,
        0.17443501936223244,
        0.17443501936223244,
        0.17443501936223244,
        0.17443501936223244,
        0.17443501936223244,
        0.17443501936223244,
        0.17443501936223244,
        0.17443501936223244,
        0.17443501936223244,
        0.17443501936223244,
        0.17443501936223244,
        0.17443501936223244,
        0.17443501936223244
      ],
      "mean_attractor_x": 0.17443501936223244,
      "std_attractor_x": 5.374844106186573e-17,
      "single_basin": true
    },
    "strong_coupling": {
      "lambda": 2.0,
      "eps": 0.3,
      "attractor_x_values": [
        0.9999990000000002,
        0.9999990000000002,
        0.9999990000000002,
        0.9999990000000002,
        0.9999990000000002,
        0.9999990000000002,
        0.9999990000000002,
        0.9999990000000002,
        0.9999990000000002,
        0.9999990000000002,
        0.9999990000000002,
        0.9999990000000002,
        0.9999990000000002,
        0.9999990000000002,
        0.9999990000000002,
        0.9999990000000002,
        0.9999990000000002,
        0.9999990000000002,
        0.9999990000000002,
        0.9999990000000002
      ],
      "mean_attractor_x": 0.9999990000000001,
      "std_attractor_x": 1.1102230246251565e-16,
      "single_basin": true
    },
    "subdiffusive": {
      "lambda": 0.7,
      "eps": 0.1,
      "attractor_x_values": [
        0.9999990000000002,
        0.9999990000000002,
        0.9999990000000002,
        0.9999990000000002,
        0.9999990000000002,
        0.9999990000000002,
        0.9999990000000002,
        0.9999990000000002,
        0.9999990000000002,
        0.9999990000000002,
        0.9999990000000002,
        0.9999990000000002,
        0.9999990000000002,
        0.9999990000000002,
        0.9999990000000002,
        0.9999990000000002,
        0.9999990000000002,
        0.9999990000000002,
        0.9999990000000002,
        0.9999990000000002
      ],
      "mean_attractor_x": 0.9999990000000001,
      "std_attractor_x": 1.1102230246251565e-16,
      "single_basin": true
    }
  },
  "asymmetric_coupling": [
    {
      "beta": 0.5,
      "gamma": 0.5,
      "attractor_type": "fixed",
      "mean_x": 0.9999990000000002,
      "std_x": 1.1102230246251565e-16
    },
    {
      "beta": 0.5,
      "gamma": 1.0,
      "attractor_type": "fixed",
      "mean_x": 0.9999990000000002,
      "std_x": 1.1102230246251565e-16
    },
    {
      "beta": 0.5,
      "gamma": 1.5,
      "attractor_type": "fixed",
      "mean_x": 0.9999990000000002,
      "std_x": 1.1102230246251565e-16
    },
    {
      "beta": 0.5,
      "gamma": 2.0,
      "attractor_type": "fixed",
      "mean_x": 0.9999990000000002,
      "std_x": 1.1102230246251565e-16
    },
    {
      "beta": 1.0,
      "gamma": 0.5,
      "attractor_type": "fixed",
      "mean_x": 0.45441282593069826,
      "std_x": 1.1102230246251565e-16
    },
    {
      "beta": 1.0,
      "gamma": 1.0,
      "attractor_type": "fixed",
      "mean_x": 0.9999990000000002,
      "std_x": 1.1102230246251565e-16
    },
    {
      "beta": 1.0,
      "gamma": 1.5,
      "attractor_type": "fixed",
      "mean_x": 0.9999990000000002,
      "std_x": 1.1102230246251565e-16
    },
    {
      "beta": 1.0,
      "gamma": 2.0,
      "attractor_type": "fixed",
      "mean_x": 0.9999990000000002,
      "std_x": 1.1102230246251565e-16
    },
    {
      "beta": 1.5,
      "gamma": 0.5,
      "attractor_type": "fixed",
      "mean_x": 0.3694378611418081,
      "std_x": 1.1102230246251565e-16
    },
    {
      "beta": 1.5,
      "gamma": 1.0,
      "attractor_type": "fixed",
      "mean_x": 0.47926711766815455,
      "std_x": 4.5324665183683945e-17
    },
    {
      "beta": 1.5,
      "gamma": 1.5,
      "attractor_type": "chaotic",
      "mean_x": 0.9623052676908624,
      "std_x": 0.0008228555462686894
    },
    {
      "beta": 1.5,
      "gamma": 2.0,
      "attractor_type": "fixed",
      "mean_x": 0.9999990000000002,
      "std_x": 1.1102230246251565e-16
    },
    {
      "beta": 2.0,
      "gamma": 0.5,
      "attractor_type": "fixed",
      "mean_x": 0.3222693580124731,
      "std_x": 0.0
    },
    {
      "beta": 2.0,
      "gamma": 1.0,
      "attractor_type": "fixed",
      "mean_x": 0.38709655510098834,
      "std_x": 5.551115123125783e-17
    },
    {
      "beta": 2.0,
      "gamma": 1.5,
      "attractor_type": "fixed",
      "mean_x": 0.4556779446124801,
      "std_x": 5.551115123125783e-17
    },
    {
      "beta": 2.0,
      "gamma": 2.0,
      "attractor_type": "fixed",
      "mean_x": 0.5598896682225546,
      "std_x": 0.0
    }
  ],
  "lyapunov_scan": [
    {
      "lambda": 0.5,
      "eps": 0.2,
      "max_lyapunov": -1.1967496902206016,
      "chaotic": false
    },
    {
      "lambda": 0.6785714285714286,
      "eps": 0.2,
      "max_lyapunov": -0.8263344509589592,
      "chaotic": false
    },
    {
      "lambda": 0.8571428571428572,
      "eps": 0.2,
      "max_lyapunov": -0.5667128184821575,
      "chaotic": false
    },
    {
      "lambda": 1.0357142857142856,
      "eps": 0.2,
      "max_lyapunov": -0.36981165336220245,
      "chaotic": false
    },
    {
      "lambda": 1.2142857142857144,
      "eps": 0.2,
      "max_lyapunov": -0.21377127435848206,
      "chaotic": false
    },
    {
      "lambda": 1.3928571428571428,
      "eps": 0.2,
      "max_lyapunov": -0.0869100370010846,
      "chaotic": false
    },
    {
      "lambda": 1.5714285714285714,
      "eps": 0.2,
      "max_lyapunov": -0.038778693561939796,
      "chaotic": false
    },
    {
      "lambda": 1.75,
      "eps": 0.2,
      "max_lyapunov": -0.22989533081201566,
      "chaotic": false
    },
    {
      "lambda": 1.9285714285714286,
      "eps": 0.2,
      "max_lyapunov": -0.404925469207576,
      "chaotic": false
    },
    {
      "lambda": 2.107142857142857,
      "eps": 0.2,
      "max_lyapunov": -0.5574923499575607,
      "chaotic": false
    },
    {
      "lambda": 2.2857142857142856,
      "eps": 0.2,
      "max_lyapunov": -0.6839962482321194,
      "chaotic": false
    },
    {
      "lambda": 2.4642857142857144,
      "eps": 0.2,
      "max_lyapunov": -0.782644129953973,
      "chaotic": false
    },
    {
      "lambda": 2.642857142857143,
      "eps": 0.2,
      "max_lyapunov": -0.8532535048817668,
      "chaotic": false
    },
    {
      "lambda": 2.8214285714285716,
      "eps": 0.2,
      "max_lyapunov": -0.8970831108482257,
      "chaotic": false
    },
    {
      "lambda": 3.0,
      "eps": 0.2,
      "max_lyapunov": -0.9165219685277913,
      "chaotic": false
    }
  ]
}