{
  "omega_abs": [
    4.104007162787883,
    5.189399287110095,
    6.332729775373928,
    7.359089370553731,
    8.279462735243648,
    9.116283259192098,
    9.887082176105823,
    10.604593573321614,
    11.278142552994955,
    11.914715228041226
  ],
  "omega_re": [
    3.9974227989608617,
    4.585071877089207,
    5.254491872816888,
    5.885239996758282,
    6.467820593498948,
    7.007942770061555,
    7.512333100713765,
    7.9866547480914685,
    8.435413526341357,
    8.862176432468702
  ],
  "omega_im": [
    -0.9292393440670491,
    -2.4304281192794845,
    -3.534654377221173,
    -4.418160991221741,
    -5.16882965037533,
    -5.830553883926302,
    -6.428004771388223,
    -6.976442559795219,
    -7.4860068184107895,
    -7.963809882531964
  ],
  "depths": [
    0,
    1,
    1,
    2,
    2,
    2,
    2,
    3,
    2,
    2
  ],
  "unique_depths": [
    0,
    1,
    2,
    3
  ],
  "entropy_rdt_im": 0.6892332142999552,
  "entropy_uniform_im": 1.3862943611198906,
  "rms_linear_im": 1.0913834310726778,
  "corr_depth_residual": -0.6193331214115427,
  "corr_pval": 1.0314674206877731e-07,
  "verdict": "POSITIVE"
}