{
  "inversion_maps": {
    "G2_re_monotone": false,
    "G2_im_monotone": false,
    "S_32_monotone": false
  },
  "lambda_independence": {
    "x": 0.5,
    "lam_values": [
      0.05,
      0.1,
      0.5,
      1.0,
      2.0,
      5.0,
      10.0
    ],
    "G2_values": [
      2.331398841741237,
      2.175171432522745,
      2.814474933280887,
      2.2775479257679296,
      2.814474933280887,
      2.809313363506003,
      2.0853014403583767
    ],
    "G2_std": 0.3032160466870739
  },
  "noise_robustness_mean_err": {}
}